{
  "2D": 892.411999225616,
  "3D": 2569.37699985504,
  "Editor": 33500.9949996471,
  "External": 13887.9149982929,
  "Game": 5446.58400082588,
  "Script": 10704.7070014477
}