{
  "2D": 3016.09900021553,
  "3D": 4869.16399931907,
  "AFK": 40.9990000724792,
  "Editor": 17948.9470000267,
  "External": 3876.01000022889,
  "Game": 3001.4990003109,
  "Script": 3186.17499995232
}