{
  "2D": 3430.57899808885,
  "3D": 5119.13800120355,
  "AFK": 50.0020000934601,
  "Editor": 104503.67200017,
  "External": 36449.0719947814,
  "Game": 24833.8409988881,
  "Script": 34671.0420072078
}