{
  "2D": 5713.75299763679,
  "3D": 5677.32600259782,
  "AFK": 264.995000123978,
  "AssetLib": 261.596999168396,
  "Editor": 174275.035999775,
  "External": 66492.8229901789,
  "Game": 44560.5460000038,
  "Script": 51569.9880101682
}