{
  "2D": 7034.94600057603,
  "3D": 11557.174998045,
  "AFK": 155.0,
  "Editor": 98392.7860002518,
  "External": 38060.1419968605,
  "Game": 20138.9300022126,
  "Script": 21601.5930025578
}