{
  "2D": 1591.25999855996,
  "3D": 5000.83300113679,
  "AFK": 50.0020000934601,
  "Editor": 86190.7680006026,
  "External": 31242.60799551,
  "Game": 19595.1329982281,
  "Script": 28760.9340071678
}