{
  "2D": 5549.84099793434,
  "3D": 5677.32600259782,
  "AFK": 264.995000123978,
  "AssetLib": 261.596999168396,
  "Editor": 157795.915999651,
  "External": 62899.4729914664,
  "Game": 35701.5859994888,
  "Script": 47706.1480090619
}