{
  "2D": 3.98699998855591,
  "3D": 2459.86899971962,
  "Editor": 4063.12400007248,
  "External": 384.504000425339,
  "Game": 1133.61299991608,
  "Script": 81.1510000228882
}