{
  "2D": 7964.95500040055,
  "3D": 11557.174998045,
  "AFK": 155.0,
  "Editor": 104081.580000162,
  "External": 38263.2869970798,
  "Game": 21189.8320019246,
  "Script": 25106.3310027123
}