{
  "2D": 3893.85999941826,
  "3D": 4869.16399931907,
  "AFK": 29.0,
  "Editor": 24087.0599999428,
  "External": 4696.2879998684,
  "Game": 5227.89000034332,
  "Script": 5399.85800099373
}