{
  "2D": 4939.01599740983,
  "3D": 5188.2430021763,
  "AFK": 264.995000123978,
  "Editor": 121760.145999432,
  "External": 44557.5779943465,
  "Game": 27199.8669979573,
  "Script": 39876.0710077285
}