{
  "2D": 6664.77600097657,
  "3D": 11040.4329984188,
  "AFK": 155.0,
  "Editor": 67433.1980004311,
  "External": 17139.4239964485,
  "Game": 17941.8540034294,
  "Script": 14646.7110011578
}