{
  "2D": 2310.913998127,
  "3D": 5100.15000152589,
  "AFK": 50.0020000934601,
  "Editor": 95811.3360004425,
  "External": 33099.4099955558,
  "Game": 23101.6119985581,
  "Script": 32199.2500066756
}