{
  "Editor": 216.863999843597,
  "External": 99.0769999027252,
  "Game": 12.228000164032,
  "Script": 105.55899977684
}