{
  "2D": 5128.82899785042,
  "3D": 5639.34800243379,
  "AFK": 264.995000123978,
  "AssetLib": 261.596999168396,
  "Editor": 150259.879999637,
  "External": 61698.3579916953,
  "Game": 31707.1869986057,
  "Script": 45824.5610098839
}