{
  "2D": 8522.02600097657,
  "3D": 11561.2359981537,
  "AFK": 302.983000040054,
  "Editor": 110268.276999951,
  "External": 39203.7949976921,
  "Game": 22325.4960012437,
  "Script": 28655.7240018845
}