{
  "2D": 6623.77300119401,
  "3D": 8615.92599844932,
  "AFK": 155.0,
  "Editor": 60145.0160002708,
  "External": 16939.7939965725,
  "Game": 16490.53500247,
  "Script": 11474.988001585
}