{
<<<<<<< HEAD
  "2D": 5549.84099793434,
  "3D": 5677.32600259782,
  "AFK": 264.995000123978,
  "AssetLib": 261.596999168396,
  "Editor": 157795.915999651,
  "External": 62899.4729914664,
  "Game": 35701.5859994888,
  "Script": 47706.1480090619
=======
  "2D": 5128.82899785042,
  "3D": 5639.34800243379,
  "AFK": 264.995000123978,
  "AssetLib": 261.596999168396,
  "Editor": 150259.879999637,
  "External": 61698.3579916953,
  "Game": 31707.1869986057,
  "Script": 45824.5610098839
>>>>>>> 8de7062445f4cba91c07c0846043b40e238b92fe
}