{
  "2D": 4547.45499968529,
  "3D": 4885.47399926185,
  "AFK": 29.0,
  "Editor": 28105.4500002861,
  "External": 5191.78799962998,
  "Game": 6863.9450006485,
  "Script": 6616.78800106049
}