{
<<<<<<< HEAD
  "Editor": 216.863999843597,
  "External": 99.0769999027252,
  "Game": 12.228000164032,
  "Script": 105.55899977684
=======
<<<<<<< HEAD
  "2D": 8522.02600097657,
  "3D": 11561.2359981537,
  "AFK": 302.983000040054,
  "Editor": 110268.276999951,
  "External": 39203.7949976921,
  "Game": 22325.4960012437,
  "Script": 28655.7240018845
=======
  "2D": 7964.95500040055,
  "3D": 11557.174998045,
  "AFK": 155.0,
  "Editor": 104081.580000162,
  "External": 38263.2869970798,
  "Game": 21189.8320019246,
  "Script": 25106.3310027123
>>>>>>> 0ce500b7dafb441ff0d9391fd76887f9a18e10ce
>>>>>>> 722384cefce475d52ccea57713d3ac23ee1ad129
}