{
  "2D": 1589.26099848748,
  "3D": 4995.77700114251,
  "AFK": 50.0020000934601,
  "Editor": 82530.3940005302,
  "External": 30189.2269964217,
  "Game": 18746.9229972363,
  "Script": 27009.3290071487
}