{
  "2D": 1524.24200034142,
  "3D": 4714.14999890327,
  "AFK": 40.9990000724792,
  "Editor": 10436.6699998379,
  "External": 1579.67600011826,
  "Game": 1720.33000016213,
  "Script": 898.272000312805
}